name,experience,level
Arquitectura e Integración End-to-End de Soluciones IoT / IIoT,+10 años,Experto
"Desarrollo de Sistemas Embebidos, Edge y Cloud-Native",+10 años,Experto
"Diseño, Bring-up y Producción de Hardware Electrónico",+20 años,Experto
Liderazgo Técnico y Gestión de Equipos de I+D,+15 años,Experto
"Protocolos Industriales, Telemetría y Sistemas Distribuidos",+10 años,Experto
"Documentación Técnica, Especificaciones y Ciclo de Vida de Producto",+15 años,Experto
Ciberseguridad en Sistemas Embebidos e IoT,+5 años,Avanzado
"Testing, Validación y Automatización para Hardware/Software",+10 años,Avanzado
IA Generativa y Spec Driven Development Aplicados a Ingeniería,+1 años,Intermedio
